theta0,theta1
0.8465271866429676406,-0.021179032300599359453